mode,count,create_sec,delete_sec,sim_after_create,cs_after_create,tb_after_create,sim_after_delete,cs_after_delete,tb_after_delete
bare,1000,0.066,0.003,1000,0,0,0,0,0
cs,1000,2.387,0.448,1000,1000,0,0,0,0
cs+tb,1000,10.001,3.16,1000,1000,1000,0,0,0
bare,5000,0.226,0.006,5000,0,0,0,0,0
cs,5000,15.631,1.976,5000,5000,0,0,0,0
cs+tb,5000,41.635,14.387,5000,5000,5000,0,0,0
bare,10000,0.39,0.005,10000,0,0,0,0,0
cs,10000,35.746,3.613,10000,10000,0,0,0,0
cs+tb,10000,93.87,25.807,10000,10000,10000,0,0,0
